Название;Активен
NqM47cmY01;Да;Да
Nqna6j8xtv;Да;Да
5U5PA5Hstl;Да;Да
5g3NPSDHsk;Да;Да
T2V46Acymd;Да;Да
AxMvU9D23Z;Да;Да
dm8bmq6mQH;Да;Да
O845kHNSP7;Да;Да
5Ubwd201OQ;Да;Да
e3GRVSFXGH;Да;Да
9680K9q5XM;Да;Да
8PQ4bV5yAt;Да;Да
qwNR0NSGX6;Да;Да
cl1rw58Fkx;Да;Да
73S35132yV;Да;Да
RL0O3zehC5;Да;Да
CnA31ahao5;Да;Да
RrcNu4cbwy;Да;Да
y9X3TytL5D;Да;Да
CoM6tvdn92;Да;Да
3HAskCs7yH;Да;Да
QhuYZzasd0;Да;Да
PFzl37F9xD;Да;Да
8NvyF1ubcM;Да;Да
p4g3gxL4U0;Да;Да
Sq2NDM9f4D;Да;Да
Mg9zwZJNd4;Да;Да
68BHTq6JfH;Да;Да
0AcLZq1xGJ;Да;Да
p80rXvMo1x;Да;Да
9YeaXEucbR;Да;Да
WS5Av9KtxD;Да;Да
6B0Wk8wb3J;Да;Да
V0jQcaGT6f;Да;Да
z8mB30nYkZ;Да;Да
YC7BeW39oX;Да;Да
1QopO1kS49;Да;Да
F9oQHdEu8T;Да;Да
t6mpdv18cN;Да;Да
8pjm01Dv7s;Да;Да
j34bsrVN5w;Да;Да
L4hZDFNcCH;Да;Да
7r01c7645b;Да;Да
PZG8UZLuYD;Да;Да
Hxr0Gqb686;Да;Да
n2sV45gSnh;Да;Да
30Phlp7D69;Да;Да
mpDK45B2zt;Да;Да
abcJ7l3zQ4;Да;Да
9m9YxwO62Q;Да;Да
MTuW5C2Xc4;Да;Да
cp92lutjgo;Да;Да
pGlj37FX5l;Да;Да
c74T2Eyg81;Да;Да
y6gQO784wD;Да;Да
9BotbsxorN;Да;Да
fKh4rkvE26;Да;Да
dCfC2dXwhl;Да;Да
PFe3oM4Yyn;Да;Да
8bq3aFzL5D;Да;Да
jD3y1e6WLq;Да;Да
k3Ddsz5DC6;Да;Да
MHv3GY3aE7;Да;Да
xmSO7d3Jlg;Да;Да
dO9OgbWn3C;Да;Да
F80D07kDFA;Да;Да
cPBAPXh3Q1;Да;Да
64q52H0J71;Да;Да
JAcKZ0G8ky;Да;Да
C5ZjUBOcRw;Да;Да
CUj8kQ1C5t;Да;Да
fbH8mZ3Bta;Да;Да
PYcHbTf67B;Да;Да
b3g7k6PR2J;Да;Да
038Ox5C68Q;Да;Да
A98Ms5gCwy;Да;Да
mr2M0gKBk9;Да;Да
tUSmZqOEBq;Да;Да
jStDtbx8ly;Да;Да
cG5EwDM9Qg;Да;Да
yV3BCvpG6y;Да;Да
pV9On70T4k;Да;Да
MP3YlOCYoA;Да;Да
wB5SJGnfnQ;Да;Да
ju247UjUv2;Да;Да
zl9jWksJ2O;Да;Да
VlbAnBrAcy;Да;Да
tbFd429cAp;Да;Да
86EmoY7pcj;Да;Да
6D858oQz72;Да;Да
g3naOyworq;Да;Да
D8seM7gCV1;Да;Да
u6cd7a20w0;Да;Да
S9ku9JKQU9;Да;Да
jn4y85J1kh;Да;Да
rX1Dj0fLsb;Да;Да
64Wh6crEqW;Да;Да
Puqm62kC1m;Да;Да
6HAoPkn8jU;Да;Да
TCJF0EK05Q;Да;Да
n5u8EWPbS4;Да;Да
3YhpYO97wb;Да;Да
D5mOc1EP6O;Да;Да
4aORDeLgqt;Да;Да
8HBHFk9CcE;Да;Да
kzVTlNdrbx;Да;Да
32UrSRZ194;Да;Да
PEYnJ67rE6;Да;Да
1l6WxP8QVr;Да;Да
7n6PbesF39;Да;Да
39zYP7gok3;Да;Да
596UE1S08o;Да;Да
H6g1JGP01q;Да;Да
4kMY9lBYcw;Да;Да
74f2rD3F45;Да;Да
5VrG5BUod1;Да;Да
h2VO29hLm0;Да;Да
s4qN50L5Vk;Да;Да
m6S6HjTL8R;Да;Да
URWc3t9bx3;Да;Да
L8P903kSeJ;Да;Да
8whZsdK9jR;Да;Да
68L2qrs3S3;Да;Да
zMvZc3JYD0;Да;Да
4Q5hDH7SBr;Да;Да
6o1Em353lW;Да;Да
8P57YRXw52;Да;Да
kTtm5EH7Cr;Да;Да
HGZ8pLXl9X;Да;Да
5RfpOb1ZJG;Да;Да
Zr5TmWuZ3l;Да;Да
sBtgu8uT5y;Да;Да
7Xx9XoTyHc;Да;Да
dVYx7P7q4Y;Да;Да
KBnMta45V9;Да;Да
xo3wtwgtj0;Да;Да
Fxdb7J16xG;Да;Да
PF59TsMu36;Да;Да
L6aCGb91Dt;Да;Да
PN5wNoWk4t;Да;Да
Nn5l4OURdT;Да;Да
oH4Ew5yVZ9;Да;Да
02m53R0k8H;Да;Да
oG42Am2Ul6;Да;Да
LwNn7q1TDu;Да;Да
1862ucdDKC;Да;Да
7Gs6CF1lN2;Да;Да
2RdltBvqdw;Да;Да
NXNjz1R0kF;Да;Да
9jhtusTCfv;Да;Да
tcK61MrDx7;Да;Да
ZzqD87zMe9;Да;Да
gJC5185pyW;Да;Да
6r131BfhvA;Да;Да
Xlt7n1fvTK;Да;Да
F0n5PTGf6u;Да;Да
d5R1yBsV5G;Да;Да
G54j3U7JmX;Да;Да
LfzHWvumVx;Да;Да
KHqZ9qMxUC;Да;Да
P2st8tDkWq;Да;Да
F2BgqyQoTo;Да;Да
2d7k25Eg6a;Да;Да
34so3wOWuk;Да;Да
5G9rzHNZ9g;Да;Да
7q81BO1Cp7;Да;Да
cv62efQVAM;Да;Да
qjG7LoBcY7;Да;Да
FfVfOo5d7u;Да;Да
Lu1W3b0Wyb;Да;Да
rODVbMgCdn;Да;Да
ozxpSHL3p4;Да;Да
t84FjOJ0jG;Да;Да
9YLya91y7Q;Да;Да
dj1sEU2tza;Да;Да
596T5Y9TFj;Да;Да
nkUK17b5Ep;Да;Да
7AQEKSULBV;Да;Да
OrZ13R5pW5;Да;Да
Sld7f7dUjH;Да;Да
9brkn5okPK;Да;Да
o4GySYG3Oz;Да;Да
x4r8qkqMrg;Да;Да
afKtZDXnd9;Да;Да
Qx42WtP8Nn;Да;Да
Ytv0oQ4850;Да;Да
uDL9JlY3ap;Да;Да
AV5oKTy13Y;Да;Да
K6ugt0sbxc;Да;Да
7w675tzrWl;Да;Да
J4O8Vu760e;Да;Да
ER6Rk9FV5H;Да;Да
v0mfb0N3NX;Да;Да
4rO40HlE1P;Да;Да
AmXj31plZw;Да;Да
AZo7Fa8l93;Да;Да
e7z7A72KCQ;Да;Да
ljO95Dnc5V;Да;Да
MdTn2HB8y5;Да;Да
4oaw0CP2H3;Да;Да
rTpnDbt6xP;Да;Да
P8SqhnsHae;Да;Да
2utkS8BakV;Да;Да
ycH82drKN5;Да;Да
bkUke0zNE9;Да;Да
A3vwepN4So;Да;Да
mJW21Ojq6V;Да;Да
rwN8jT8vmo;Да;Да
4AfsjCFz31;Да;Да
EyXFeu3E2G;Да;Да
Tt289e76rE;Да;Да
wBcmnD153g;Да;Да
a7xcBVP9js;Да;Да
mQEY1h4s5y;Да;Да
q62zR2Cn2j;Да;Да
74CA5r5le3;Да;Да
Z4xRAF2ANr;Да;Да
N5AJCH8ekB;Да;Да
5G1NwUNl6f;Да;Да
7yr41u3K9A;Да;Да
8P63ESz0oU;Да;Да
AKBjhoYg5W;Да;Да
1YXTC04PkA;Да;Да
qjXOCgqNKT;Да;Да
7ZVO2x5MfQ;Да;Да
8D41DOY9HQ;Да;Да
Qsf1Oh8P95;Да;Да
Hya3B259g7;Да;Да
RE3Gcblx3n;Да;Да
19Z6olZ3k8;Да;Да
N49l2gf047;Да;Да
7Sx3gb7Ahf;Да;Да
n26OBl7HVd;Да;Да
FxD8rPXS95;Да;Да
47z4LnKJAg;Да;Да
Me65ymVw6S;Да;Да
1OTA1u5qD1;Да;Да
K3Zo0148UF;Да;Да
kq3WOVYsS4;Да;Да
429OF31R26;Да;Да
MWR5TldB4y;Да;Да
XnBRu28085;Да;Да
QPzXkQa2Es;Да;Да
takY9eg9Mk;Да;Да
2bhJXGD65j;Да;Да
xSzWYCZNhX;Да;Да
H0QoPEMXMF;Да;Да
g9a12WFYMs;Да;Да
sX0HKrafT6;Да;Да
ETLQPuxSQh;Да;Да
Ev7Rbxb90v;Да;Да
l0sMfcV2Ed;Да;Да
bzTQ5L659O;Да;Да
B3zrykNEz3;Да;Да
HkUs2HUG93;Да;Да
OLpAmZbrEo;Да;Да
MpbArWy8Db;Да;Да
04f27XmgR3;Да;Да
2HnK20T0cU;Да;Да
sQUmtbKTlq;Да;Да
C4mCxsqy0t;Да;Да
z7Qjuqnby5;Да;Да
DTcl62XTrA;Да;Да
JnR5pONs8T;Да;Да
A28Gox1oNV;Да;Да
jDTfJ9e5eL;Да;Да
p5dWvCgv3m;Да;Да
ptS2RLvsmN;Да;Да
u701Lv2bVx;Да;Да
dW76bxSUVH;Да;Да
gcaRhdMuMb;Да;Да
z5to3jnJL5;Да;Да
nOeURH27Ss;Да;Да
eXzjxj7fpf;Да;Да
zjQYawjL1N;Да;Да
aJos7o18Qk;Да;Да
ojx2jH92Sa;Да;Да
3F5mJ3bU0f;Да;Да
Bf19wB75D6;Да;Да
z1A4hEyh1K;Да;Да
U2CUD8LXZr;Да;Да
fX9GAMNcoc;Да;Да
phRdqC01ev;Да;Да
6fw857p6TG;Да;Да
v79hDHRUj6;Да;Да
15vlmSK0NV;Да;Да
Ab2v3pG061;Да;Да
816W5Wg6Kd;Да;Да
Akp3bHrwW3;Да;Да
f0TYtozk62;Да;Да
O6tTu8C81s;Да;Да
rcY2fJhF2J;Да;Да
bTrJpH5g9l;Да;Да
6rJH20jyhL;Да;Да
Bw7JbgwBRQ;Да;Да
8c3qT3o6yb;Да;Да
vJ2oRZCbB4;Да;Да
bTtfSAn2cx;Да;Да
S51wEU4B7s;Да;Да
2Hmrb3Kr0B;Да;Да
5NA98762L5;Да;Да
RSp43pQ0BT;Да;Да
c7cj8RACgR;Да;Да
scq3q1V7b6;Да;Да
5yeQf7sc0K;Да;Да
64NroehDAD;Да;Да
cYhD6HSH8m;Да;Да
NsBNt1gHe2;Да;Да
ts6KjLBYNM;Да;Да
o8gZe5D0pl;Да;Да
FE5r3VW71J;Да;Да
MUq69wnmS9;Да;Да
F65K0vBQ5y;Да;Да
56EHZ3WsRr;Да;Да
q32m70ORLU;Да;Да
KH12cXvwJ7;Да;Да
zVwE4KcEOU;Да;Да
q253GVSyvt;Да;Да
mSJsewWkwT;Да;Да
q5j48YcWCQ;Да;Да
QDesfovQeo;Да;Да
sFUlu6N1we;Да;Да
8OWvSum9H8;Да;Да
kTVg31M2uN;Да;Да
64350a3wJX;Да;Да
3LC6X9T34n;Да;Да
6HTOK1c3qJ;Да;Да
Y1f5WVPObU;Да;Да
Nxu6Y5lKxK;Да;Да
kzAQVuNrYr;Да;Да
42QCHPcOzY;Да;Да
jZToXgSjlh;Да;Да
y6yqrNczp9;Да;Да
9P41g7Yp32;Да;Да
fbF9Ttj0VX;Да;Да
5uxWkVo2Ta;Да;Да
6VceEzgho5;Да;Да
CS8yDTSqX9;Да;Да
AQDVE0e6z3;Да;Да
1zemauhsjm;Да;Да
3eNg0Db9WT;Да;Да
sE50sX85Ym;Да;Да
eLtJ532O09;Да;Да
x93fujP7a2;Да;Да
QYLy0RG73j;Да;Да
4LaEvhN12U;Да;Да
r6oPZs3sKr;Да;Да
CJ5eJjJ2B6;Да;Да
5X5ECTZuRx;Да;Да
gTu51uD5Zm;Да;Да
3YLEXhzPVh;Да;Да
FEJBZ34qHU;Да;Да
797zk8g4v5;Да;Да
ywqd73vJDs;Да;Да
rl7dOpGgye;Да;Да
0Ww15Q6ObY;Да;Да
gdVfKcYOdV;Да;Да
1u76Dcak4K;Да;Да
Z1x9N6j2yL;Да;Да
1JgmAxb79G;Да;Да
gs2m2bX6sp;Да;Да
8OJ2EURf9X;Да;Да
bz5YeSzHLS;Да;Да
Q6GDuOWu1u;Да;Да
n21fGtFxBX;Да;Да
y80Pb5xc45;Да;Да
nsjBy2tQs5;Да;Да
EreO5d3N4C;Да;Да
ow8lku12ZW;Да;Да
m86sAeEoNe;Да;Да
78r9rTBTRk;Да;Да
kRsSxC27g5;Да;Да
0n0nb7y9pN;Да;Да
49HyW0kg8X;Да;Да
YgA7304xkL;Да;Да
3CjY6vEW5J;Да;Да
2O7quZeklz;Да;Да
yO251o9Vop;Да;Да
r7w0WtJERS;Да;Да
BxeRfDaMQc;Да;Да
ABqv1wmuOU;Да;Да
3UBYQUov0f;Да;Да
PZ1pkAcL6H;Да;Да
Df8v3yW6LE;Да;Да
D68R10q6d2;Да;Да
tsTvWycK5e;Да;Да
oNZDKEtJLm;Да;Да
fa4lG2a3g2;Да;Да
YbjP49NE9n;Да;Да
0wG8VnD9TG;Да;Да
X3VNoe8320;Да;Да
5uScB4vK4k;Да;Да
L69A4x78vo;Да;Да
lFNxhc0LSh;Да;Да
x3RFuq9e6l;Да;Да
lb10M1JGUn;Да;Да
10zCoT68sc;Да;Да
loJk2VL3e5;Да;Да
n01tQluORL;Да;Да
9ekrA4Xg7s;Да;Да
UDuS13207v;Да;Да
j91P7rNopW;Да;Да
nRPvJRdnKo;Да;Да
71QGV6gne1;Да;Да
UYUPlDe9tW;Да;Да
uxAqlJ5ujq;Да;Да
TF5RX8xGKn;Да;Да
VuUnPpS0PK;Да;Да
H5ptuj5Mcp;Да;Да
F9JOLEj1wo;Да;Да
f9RyhQ83tb;Да;Да
15d5RnjkhN;Да;Да
z0mlQ1z4af;Да;Да
N20x40vRG7;Да;Да
hDaNhUO1c9;Да;Да
DCo7uW268S;Да;Да
4zDyENPDhH;Да;Да
kHDvJA0BLa;Да;Да
Hc7Y1702Ef;Да;Да
ya1Gl3bcrq;Да;Да
46JC785xE1;Да;Да
MXVS3x4cHd;Да;Да
xyGxdv17To;Да;Да
5NoWHD7crT;Да;Да
0c7dHfqdKb;Да;Да
xQJB1tsOhm;Да;Да
ElrE8z4y7l;Да;Да
ez89P4680S;Да;Да
9fBObZvKJy;Да;Да
u4c4rOh3J1;Да;Да
k1zNL9KCn3;Да;Да
Cw2C7AOB0m;Да;Да
Js7CV8jrsE;Да;Да
m8RBSVpeze;Да;Да
ArG8XetCWS;Да;Да
2B6ea2rM3X;Да;Да
ecF1q0Pl8s;Да;Да
w0OynV0JW2;Да;Да
tr8mqxBEzx;Да;Да
939daR4My0;Да;Да
FKusAf6CkQ;Да;Да
4pdrt6CfJ0;Да;Да
0TDf9KwpgP;Да;Да
w2QW1Sw978;Да;Да
YZ9wGXG89S;Да;Да
oPRHr7ah4P;Да;Да
N16ZKOxn26;Да;Да
FZH5pzwB14;Да;Да
q341aG4oRQ;Да;Да
E5nY5WU3hz;Да;Да
RLTgBsnDJl;Да;Да
e8UzHjocdo;Да;Да
7v7Jr1rNBO;Да;Да
UVKFYUroG9;Да;Да
d5z7J3DNMt;Да;Да
m61q3HcT4R;Да;Да
3LNMS9DU8M;Да;Да
k8F707XqSh;Да;Да
Twr6amoCFB;Да;Да
4pS9PjwQE2;Да;Да
oY9lMmMrA1;Да;Да
YhB85pqX6W;Да;Да
tltf1mXO62;Да;Да
u783R5k1lS;Да;Да
6UMzXDjB8f;Да;Да
139MvPE2E3;Да;Да
SGnyJ03OFN;Да;Да
aRNsCmEA4H;Да;Да
x0RmK9G12E;Да;Да
wmau9oZhZ6;Да;Да
97ZCa62UCh;Да;Да
Y7F6josr7n;Да;Да
ph1V3rbCwG;Да;Да
sjCeNo6qDf;Да;Да
635u25Tna3;Да;Да
3wPwoTUpNc;Да;Да
gdRE4F89Gm;Да;Да
QdyrBOuXED;Да;Да
pZA4wlkBSf;Да;Да
6Sm6W9sqLg;Да;Да
7fQCW8kuWF;Да;Да
4DrfT48ZUr;Да;Да
TxehFbx9hu;Да;Да
BAp6nE9Blj;Да;Да
5RKLjPned5;Да;Да
sfglh8wmD4;Да;Да
4WcGQ5acPw;Да;Да
96XqjkVJe3;Да;Да
s7oEG7Wb82;Да;Да
To65oNgNyM;Да;Да
p7FpEWhuZX;Да;Да
oek96W9R58;Да;Да
71B9YZAy3Y;Да;Да
Dl1Ssl3tvS;Да;Да
Rwmchs7L9p;Да;Да
ZOyHyA2yfG;Да;Да
nayO6DvtpF;Да;Да
zCy0X0C4N4;Да;Да
F9YE9AXyNW;Да;Да
FW6QNYDPBT;Да;Да
Q5naE1CyrR;Да;Да
ykybSnEPl9;Да;Да
ZAHsV09367;Да;Да
S67JbSU5FM;Да;Да
7ade18zKL6;Да;Да
45Vp32Rwr4;Да;Да
Ecwf7YV9o2;Да;Да
y58X6L1u23;Да;Да
vdHM14Wkqt;Да;Да
M2DQb30587;Да;Да
A2CQNH7h2p;Да;Да
Yu0lYvT8t2;Да;Да
clVvZ7qFfF;Да;Да
McG8E1eTRD;Да;Да
g5sXDz3WSC;Да;Да
jq8H7H8B62;Да;Да
ym4cqnh0Xr;Да;Да
3mb41R1E2Z;Да;Да
2vAcC2C8yN;Да;Да
KtS0JqXKS1;Да;Да
3hD8R40uzh;Да;Да
ZrAe0zh57R;Да;Да
yHmBg01JB3;Да;Да
E6NlpdUN7q;Да;Да
o06Jy4G9r5;Да;Да
LCR2RZ0A8Z;Да;Да
2lb65VsuzM;Да;Да
cZN3a0y1gC;Да;Да
QnYV7o1XBb;Да;Да
0j8vDaV72b;Да;Да
2a9tD2Plnw;Да;Да
uYmW3RQx8o;Да;Да
0Bd1ZHFQhb;Да;Да
Epz3741w54;Да;Да
c1SRqrX6RE;Да;Да
5Tk379x5Zd;Да;Да
AfhU8PTwoy;Да;Да
1GE1Vb2Vud;Да;Да
UB3WeD9vWB;Да;Да
DfX52t19V2;Да;Да
0rfOgMGVG5;Да;Да
36Fk5pCJza;Да;Да
A9EPlm5Y3d;Да;Да
NPL2nlVR92;Да;Да
V13T2Uo4D9;Да;Да
7U2FdKWGp8;Да;Да
Dx2NrAdQv8;Да;Да
qsnq54Rlz5;Да;Да
COqtc4Ez3Z;Да;Да
Oo5gv48W9m;Да;Да
0P03XkeHbw;Да;Да
Jp6cfTj1pg;Да;Да
cJ6RLy96mO;Да;Да
d0VQ6G2geP;Да;Да
1H8p6LS9l4;Да;Да
zmFB5CsLJ2;Да;Да
upSvm9nvjf;Да;Да
gKprkazoFb;Да;Да
05k842b1qb;Да;Да
5mxaXgSJ0p;Да;Да
9Vd0JWlF96;Да;Да
2NJmaxc5ub;Да;Да
DWopG9bW5F;Да;Да
3ah2dbuEfp;Да;Да
YwrZPBKDnE;Да;Да
GQWR5sfrTn;Да;Да
H4O8Yt9Hlm;Да;Да
HnZQmL3trK;Да;Да
bC14e1b1zs;Да;Да
t3nd1396oN;Да;Да
tYBW2PoLF9;Да;Да
S5k8JZ023Z;Да;Да
9JVoP1ouzl;Да;Да
pjbqx235O5;Да;Да
EVy097onWa;Да;Да
cU50WUVS9t;Да;Да
Q5a4kQ1Z91;Да;Да
pU9QKLe68s;Да;Да
WZP8rPnDGW;Да;Да
JS68x25927;Да;Да
hx7cd1548W;Да;Да
m7Otkm45FW;Да;Да
Y6T74U02hx;Да;Да
j9Xg1RHv1W;Да;Да
081SquM7PT;Да;Да
4VwEg3WJtL;Да;Да
Hr7r251510;Да;Да
4jqtLwrSOk;Да;Да
MUynj5M7rX;Да;Да
pG02FqAPXQ;Да;Да
92W1t152aw;Да;Да
X8QFcuF5zC;Да;Да
7dy3Vv6kJU;Да;Да
9CrdmQk05n;Да;Да
l8QVT2uN9N;Да;Да
NDNHv3Dgf0;Да;Да
5FxpAWS35k;Да;Да
ED0r4F2KzE;Да;Да
gh8Fq4QbzY;Да;Да
6wWrfArqr2;Да;Да
4Regm4C8cs;Да;Да
976V64DFvo;Да;Да
5SFmhHVs4u;Да;Да
aqt1r1rL45;Да;Да
LPcdeb8DBS;Да;Да
jPTp0V7Hne;Да;Да
V9DZq2P5HS;Да;Да
RS4x0A7LR4;Да;Да
9BdxYF8sO6;Да;Да
E0e0bdQ0W1;Да;Да
H1KW2xa7ae;Да;Да
hrBb2LFOG2;Да;Да
54tw0MUK3j;Да;Да
gwq06nYH8G;Да;Да
4Yb3r8v51k;Да;Да
n939l4HPrq;Да;Да
t5s5EY2w9h;Да;Да
2D9NbZ2Qqu;Да;Да
vMURLUyKoX;Да;Да
aeJMknX3cH;Да;Да
gGB509X0U4;Да;Да
BdSZvFt6Fb;Да;Да
4KD3V4ULVE;Да;Да
3Y7GmyxVRl;Да;Да
n3R6S4v7DF;Да;Да
cPo8Yjfan5;Да;Да
ycOZA8Wwp2;Да;Да
5xTM2Y9Ju5;Да;Да
8jlSGMftQy;Да;Да
3Qo5b3Kf6t;Да;Да
O04T375C25;Да;Да
52QsVx35Al;Да;Да
famWL6Ofu6;Да;Да
T8qC4aC93g;Да;Да
3sjp65G4vq;Да;Да
A0Rgb8z0H9;Да;Да
eC79mAs90b;Да;Да
AWRQrw7SHo;Да;Да
18W2fRdr43;Да;Да
crlJlZGMYj;Да;Да
x2s5j5GrXV;Да;Да
z01SHqvxX2;Да;Да
LOk7ux53Z2;Да;Да
KQK5c2693u;Да;Да
4hPp7TsL9j;Да;Да
eEr35F93G9;Да;Да
9Xj5U1x3SN;Да;Да
12k9tCkzrC;Да;Да
1dr38Clgvt;Да;Да
n2sDSRTgm6;Да;Да
1QK4t6Zg5D;Да;Да
5oj8oE9QmM;Да;Да
S07b7373Fn;Да;Да
dv9b7QHxNv;Да;Да
BcBAOF9p2D;Да;Да
50qt1jNpGV;Да;Да
5Ve15E6Z4D;Да;Да
RjVH394BDG;Да;Да
3mKhg0qw72;Да;Да
es930f53FQ;Да;Да
4STMRgpy3n;Да;Да
Kvpz4sPHLz;Да;Да
gztP5g8OL5;Да;Да
xLQ5a3yZG4;Да;Да
Z2e0MGBqan;Да;Да
M0ZjyF9zlG;Да;Да
m8pR5M8Pwl;Да;Да
w4pQVc39PH;Да;Да
0rFrxHyJ0j;Да;Да
6kQwrFkF2R;Да;Да
OSRFb7ohdx;Да;Да
Xoa1vtCX2N;Да;Да
pt7cpsJ83N;Да;Да
TE3TOQ5m5C;Да;Да
3S4LbzPK1y;Да;Да
Kpsv3Cc06z;Да;Да
2CBQHts3Md;Да;Да
BE70WmzAGj;Да;Да
NkjPfqknCZ;Да;Да
e4nps81bcZ;Да;Да
WqSbexbS86;Да;Да
CgFmBXa1Jj;Да;Да
0q1PKD5d18;Да;Да
35qVkhsHpM;Да;Да
xCR46QXOtz;Да;Да
SzC5A1Kfu9;Да;Да
Bay684RKGr;Да;Да
tUGJ8w7VEf;Да;Да
pe596a2N2R;Да;Да
0WlrBRruB4;Да;Да
bj7ZQcD5tM;Да;Да
Sd63T0Q53S;Да;Да
rSY2etB2cS;Да;Да
KjJb1Qq3ou;Да;Да
GVa7RyqO5m;Да;Да
QsVXckh72N;Да;Да
9ahFPUuCB2;Да;Да
0SCv6NszB1;Да;Да
6Gt0YHf878;Да;Да
x85OBUb5J1;Да;Да
l1Unkd4lef;Да;Да
78Uf865v65;Да;Да
p5a7FA01Q2;Да;Да
0r1EF68v69;Да;Да
1Kd8vx7wWv;Да;Да
lOB8toatNH;Да;Да
ba4t3F3c83;Да;Да
W3eNVBdwuo;Да;Да
k0f7s4AZj0;Да;Да
TSp4b5dtj0;Да;Да
yDGH5O7Oog;Да;Да
1380H14Hyq;Да;Да
4h7Dw7c857;Да;Да
3502nux8Xb;Да;Да
kYVF2orTa1;Да;Да
g0AHVNSt0g;Да;Да
x7850wBP6M;Да;Да
BtUh2xc16x;Да;Да
fr1H0k305a;Да;Да
oQo3JO9C94;Да;Да
mgsJWySECo;Да;Да
mfAKS7amuP;Да;Да
sAeO9hmGkH;Да;Да
WjDX3fTz7s;Да;Да
6Ry13A5UTf;Да;Да
pWHVD6U1FK;Да;Да
Amsd7N3cmp;Да;Да
wMg0vNlDkc;Да;Да
5Y4mjyZV6s;Да;Да
6MY08Dc345;Да;Да
9GZuwK1oVW;Да;Да
sJjmhdk9wg;Да;Да
XR9K2eJwym;Да;Да
Hd4uYCZ9Z0;Да;Да
6Z6CXwHw1R;Да;Да
6Z9mnWPt1Q;Да;Да
x89w4R7Dk8;Да;Да
pz7U9mdqU9;Да;Да
mHOmecQkqA;Да;Да
CLQn6n4pr4;Да;Да
7v90H63Ue2;Да;Да
l30gx1HzFx;Да;Да
De941WK9Wh;Да;Да
cD38MoaTOv;Да;Да
8gpUZD4Kv8;Да;Да
PfxL0m3QYm;Да;Да
r6HS0Sju1f;Да;Да
3YxP9Z082n;Да;Да
WNbPw9vpa2;Да;Да
vTjtx02G1W;Да;Да
GyZ2uq1hDu;Да;Да
7YJ5xEPgf0;Да;Да
kfs4nUCkCY;Да;Да
EJ5w5bU2AZ;Да;Да
Eq2GDNA01e;Да;Да
HKRCmv8YlD;Да;Да
C1lzBk2P0t;Да;Да
FwY5UXw9rc;Да;Да
YyKh78PmGH;Да;Да
EqPl1j8Aqh;Да;Да
0eL3PZQzon;Да;Да
Wf1ohs817h;Да;Да
42Acme5MVJ;Да;Да
2n6jDaUm3k;Да;Да
57oWxXG7TX;Да;Да
O7MP1oj1Oy;Да;Да
ARZJOp460G;Да;Да
x54dO9YbZL;Да;Да
W5fHVO5Ho8;Да;Да
uB1g4m8Kwz;Да;Да
Bft7y1DKhr;Да;Да
c56d04W05Q;Да;Да
Kq0oGhKZyD;Да;Да
Rvo7ln4kv3;Да;Да
65XB5hD7cV;Да;Да
0KbjQU0plV;Да;Да
ZD9bB71Cgy;Да;Да
qbp3P3rkn6;Да;Да
enDA9MJqgO;Да;Да
5S7d4nKg15;Да;Да
2BkjAVG737;Да;Да
13ht5wxYs5;Да;Да
wrp78sK9UT;Да;Да
l24WANL92X;Да;Да
RcQShQ74Dg;Да;Да
d86g2YnmMo;Да;Да
U9Hxyh4jJS;Да;Да
MpV84BtZ6n;Да;Да
ohC4T7d4E6;Да;Да
1euJbXo46X;Да;Да
fpvC2hFaZ2;Да;Да
7kKF7GkgJe;Да;Да
Z8jPUumvMq;Да;Да
XCr3LELu21;Да;Да
s5QR7UWm9w;Да;Да
DODkghC1Zy;Да;Да
bx4hEQ08R9;Да;Да
tftwWxsU9J;Да;Да
bLr9Ee98q2;Да;Да
otbCDEhB1W;Да;Да
0T5wS0rl6b;Да;Да
2C3sMxb359;Да;Да
3ysTkKpryF;Да;Да
720V1vTO4b;Да;Да
BA5s9AV4eB;Да;Да
WE0QsT5cBj;Да;Да
3Ozyc17e6M;Да;Да
72C0jRvDTN;Да;Да
zobYvF2vcC;Да;Да
sx4BkADQNn;Да;Да
W3TU6avcZ5;Да;Да
68mQ13ZzWq;Да;Да
MdX1j9A4y7;Да;Да
BxWykJX1lY;Да;Да
ctkfPNqREW;Да;Да
xKm9EfhVYz;Да;Да
XsYzwbMma4;Да;Да
d0AsL9pHF6;Да;Да
2KQlvpPAya;Да;Да
u4u5yVGNhM;Да;Да
fw3T18KEXn;Да;Да
tqDYAmF7EH;Да;Да
LxLz8k7m13;Да;Да
yuo8kWXN5G;Да;Да
71J78383tR;Да;Да
xmeMK5VbVR;Да;Да
Vl53qv9A9P;Да;Да
4lh71Q53Zu;Да;Да
VKn5htr6kS;Да;Да
YgHv9uNpdt;Да;Да
TvW1OXC9fb;Да;Да
u8p080wZ9f;Да;Да
hn6X6y0KA4;Да;Да
34alh43x1b;Да;Да
Mbx6ndx9FL;Да;Да
89sTnuUoD4;Да;Да
QMVk0mAWyB;Да;Да
6r45jh6oEB;Да;Да
vX7RCoCMsU;Да;Да
VK94Ot58b0;Да;Да
TMhfzFu5RP;Да;Да
W509G9HJDo;Да;Да
78ev29Ay1D;Да;Да
9cv2lYmL4f;Да;Да
9oH2YK98tC;Да;Да
vOG5eQ2Lpq;Да;Да
EWpULu8JNA;Да;Да
BTctD0KgEf;Да;Да
HrdXbRSKUy;Да;Да
7CnzH9N789;Да;Да
S2p1TBQAez;Да;Да
ESQNk1nR6e;Да;Да
24om4OP5Kl;Да;Да
aGb1CV9K90;Да;Да
vxGYe48bfA;Да;Да
BWDg83y464;Да;Да
Sl2CpJL9df;Да;Да
qVX4136GM8;Да;Да
1k23T8rNw4;Да;Да
2yFq01Qgs9;Да;Да
D8M8BQqhdh;Да;Да
24q236A2Wp;Да;Да
2oeSJqbcv0;Да;Да
B2pLhxcU6b;Да;Да
2zh63snxC1;Да;Да
6jWkBXmC73;Да;Да
edy40HrB7k;Да;Да
G9b3g46cTm;Да;Да
8LE9Qjx02l;Да;Да
UFW0HXK2sU;Да;Да
US546030v8;Да;Да
Ngo6MKWzR8;Да;Да
dhetx5SL9g;Да;Да
p7qA05hdO7;Да;Да
lHf7n1reXM;Да;Да
GDe2zYJ2f3;Да;Да
l0Yy4o68l4;Да;Да
R7l59596JX;Да;Да
rsDM2muRpT;Да;Да
0ZpQ9LF1lV;Да;Да
OdAx6xCkcH;Да;Да
5syAG6s41S;Да;Да
CS3cehMrh3;Да;Да
96dP3Rf6fe;Да;Да
hUDmQEHGXy;Да;Да
79j6nt5FGy;Да;Да
2k3t2GTD0D;Да;Да
GMDY8E75jA;Да;Да
ur7KOkJKr2;Да;Да
xweCnoM9yk;Да;Да
uDo0HG3QuX;Да;Да
8eYx6wZ9c5;Да;Да
2M7nZ816J7;Да;Да
Yz5yWzAF8d;Да;Да
lG1l5xaEqg;Да;Да
ejKLNuJ14Y;Да;Да
pNeFH3owEy;Да;Да
ejMWHP85Vn;Да;Да
5aJVYH1AhU;Да;Да
2j2p3aN98f;Да;Да
4CPM17BZKH;Да;Да
wtE41NW34N;Да;Да
sGK87suYEn;Да;Да
9VRyFL2rld;Да;Да
3O7tuL3CDs;Да;Да
RF9vJ91Abf;Да;Да
9Sz7B8YqHr;Да;Да
y9LRKpA9Xl;Да;Да
fqLYLuPRmk;Да;Да
h852Pd6F3H;Да;Да
zs2otHvuB2;Да;Да
4k4cD7c2Gc;Да;Да
BoO0B274SG;Да;Да
5fZDaZ0LKx;Да;Да
C3UNY0QK16;Да;Да
GKcWPoC4SM;Да;Да
hW4bapRUKl;Да;Да
9vUD7fVL2r;Да;Да
9D0MSO0aZb;Да;Да
3U97Le1H80;Да;Да
Wr1A5s1e6Y;Да;Да
6EQqUOGuT0;Да;Да
f8jOHWO52U;Да;Да
BmU1EP25VE;Да;Да
NeE8YgB0N7;Да;Да
8F1kRJ6hT7;Да;Да
uQAB95o4u8;Да;Да
8jQB8k8YM9;Да;Да
X3V5e2BnuX;Да;Да
C32FpVakRf;Да;Да
9HFe1hNu8m;Да;Да
Pl2SeP7fkl;Да;Да
kmh8A07HF6;Да;Да
Q8310a0b8t;Да;Да
bLFL4OdOW6;Да;Да
0dQ0T6x2jC;Да;Да
nLbQscj5FM;Да;Да
dofeV6jheh;Да;Да
YK8rtJjT80;Да;Да
z12vd6B712;Да;Да
z6WG54yQu4;Да;Да
zhPE20cVQR;Да;Да
Oc4twtBh8g;Да;Да
wZhdH6rY6e;Да;Да
n7CwZcfYm0;Да;Да
VLXK1nca2W;Да;Да
hoU35fbC5o;Да;Да
LYeWUgRPH4;Да;Да
9UKg4sZGLO;Да;Да
MyBXcbE5OR;Да;Да
Qz03fET634;Да;Да
hs1RsDQ7jB;Да;Да
m3pE451uQU;Да;Да
ta01EXb7k1;Да;Да
QGPzfwYDow;Да;Да
NeTqYbMCg0;Да;Да
BH81K21v78;Да;Да
UoEsgj9T82;Да;Да
JeN0X7t32f;Да;Да
yVeM5v70rq;Да;Да
m2khO16ru5;Да;Да
N72p0D64eV;Да;Да
8SJReF4SJ4;Да;Да
u1JDH4xoHE;Да;Да
lAWSMuyA2u;Да;Да
aZJ8gyFt8x;Да;Да
fusMeUDb7p;Да;Да
e0SgSG1P6W;Да;Да
LR9JmpBJcp;Да;Да
D2NfKRr1SG;Да;Да
23zhXAoKnF;Да;Да
g10dWw9VdK;Да;Да
p1ONqrOqWA;Да;Да
4p0o50S7XG;Да;Да
521805oB2A;Да;Да
p4w9562EA7;Да;Да
OjLU7Gfyxn;Да;Да
hZ5czEXa18;Да;Да
27WAabv7uQ;Да;Да
uEvz579U5x;Да;Да
DMwkuWLrGO;Да;Да
jd2Au0NXmA;Да;Да
JgvtV2YwcA;Да;Да
h7v1MWX89z;Да;Да
06eUqmKaYO;Да;Да
3C7eAN0oDA;Да;Да
7AqMT4B30J;Да;Да
u1Lv2Q4R1U;Да;Да
z4OoHKln43;Да;Да
RvRQs0CxsN;Да;Да
cJaV36Od1X;Да;Да
t1q16v7D6U;Да;Да
8ulwTHCzE3;Да;Да
2jfW76OkOx;Да;Да
W9l8Hh4YQj;Да;Да
av83dp9QHo;Да;Да
mxAYk4nq82;Да;Да
Jw7hleme9d;Да;Да
l6Xcr2NBWf;Да;Да
D5Df3qrObx;Да;Да
